{
	"variables": [],
	"info": {
		"name": "OIP",
		"_postman_id": "6c70ed1e-f6c8-fd10-84a8-6d7586d2e834",
		"description": "",
		"schema": "https://schema.getpostman.com/json/collection/v2.0.0/collection.json"
	},
	"item": [
		{
			"name": "alexandria.io Historian Summary",
			"request": {
				"url": "api.alexandria.io/alexandria/v1/historian/summary",
				"method": "POST",
				"header": [],
				"body": {
					"mode": "raw",
					"raw": "{\n    \"min-block\":2106921,\n    \"max-block\":2107670\n}"
				},
				"description": ""
			},
			"response": []
		},
		{
			"name": "alexandria.io searchTxComment",
			"request": {
				"url": "api.alexandria.io/alexandria/v2/searchTxComment",
				"method": "POST",
				"header": [],
				"body": {
					"mode": "raw",
					"raw": "{\"search\":\"Taking the cat for a walk on the beach.mp4\",\"page\":0,\"results-per-page\":10}"
				},
				"description": "https://api.alexandria.io/docs/#search-florincoin-tx-comments"
			},
			"response": []
		},
		{
			"name": "localhost Calculate Publishing Fee",
			"request": {
				"url": "localhost:41289/alexandria/v2/calcpubfee",
				"method": "POST",
				"header": [],
				"body": {
					"mode": "raw",
					"raw": "{\n    \"artCost\": 1,\n    \"avgArtCost\": 1.0,\n    \"artSize\": 528,\n    \"floPerKb\": 0.01,\n    \"USDperFLO\": 0.005\n}"
				},
				"description": ""
			},
			"response": []
		},
		{
			"name": "alexandria.io Calculate Publishing Fee",
			"request": {
				"url": "https://api.alexandria.io/alexandria/v2/calcpubfee",
				"method": "POST",
				"header": [],
				"body": {
					"mode": "raw",
					"raw": "{\n    \"artCost\": 0,\n    \"avgArtCost\": 1.0188607594936707,\n    \"artSize\": 10000,\n    \"floPerKb\": 0.01,\n    \"USDperFLO\": 0.00472\n}"
				},
				"description": ""
			},
			"response": []
		},
		{
			"name": "alexandria.io Unified Index Info",
			"request": {
				"url": "https://api.alexandria.io/alexandria/v2/info",
				"method": "GET",
				"header": [],
				"body": {
					"mode": "raw",
					"raw": "{\n    \"artCost\": 0.01,\n    \"avgArtCost\": 1.0,\n    \"artSize\": 528,\n    \"floPerKb\": 0.01,\n    \"USDperFLO\": 0.005\n}"
				},
				"description": ""
			},
			"response": []
		},
		{
			"name": "alexandria.io Artifact Get All",
			"request": {
				"url": "https://api.alexandria.io/alexandria/v2/media/get/all",
				"method": "GET",
				"header": [],
				"body": {
					"mode": "raw",
					"raw": "{\n    \"artCost\": 0,\n    \"avgArtCost\": 1.0188607594936707,\n    \"artSize\": 10000,\n    \"floPerKb\": 0.01,\n    \"USDperFLO\": 0.00472\n}"
				},
				"description": "https://api.alexandria.io/docs/#get-all-artifacts"
			},
			"response": []
		},
		{
			"name": "alexandria.io Artifact Search",
			"request": {
				"url": "https://api.alexandria.io/alexandria/v2/search",
				"method": "POST",
				"header": [],
				"body": {
					"mode": "raw",
					"raw": "{\n  \"protocol\":\"media\",\n \"search-on\":\"txid\",\n \"search-for\":\"54067ac9b23236e020836803a10737ff5e5225d89723440747deedbcdd726d2d\",\n \"search-like\": true\n}"
				},
				"description": "https://api.alexandria.io/docs/#get-a-specific-artifact"
			},
			"response": []
		},
		{
			"name": "alexandria.io Publishers Get All",
			"request": {
				"url": "https://api.alexandria.io/alexandria/v1/publisher/get/all",
				"method": "GET",
				"header": [],
				"body": {},
				"description": "https://api.alexandria.io/docs/#get-all-publishers"
			},
			"response": []
		},
		{
			"name": "alexandria.io Publisher Search",
			"request": {
				"url": "https://api.alexandria.io/alexandria/v1/search",
				"method": "POST",
				"header": [],
				"body": {
					"mode": "raw",
					"raw": "{\n\"protocol\": \"publisher\",\n\"search-on\": \"address\",\n\"search-for\": \"1\",\n\"search-like\": true\n}"
				},
				"description": "https://api.alexandria.io/docs/#get-a-specific-publisher"
			},
			"response": []
		},
		{
			"name": "alexandria.io Get Market Data (Flo)",
			"request": {
				"url": "https://api.alexandria.io/flo-market-data/v1/getAll",
				"method": "GET",
				"header": [],
				"body": {},
				"description": "https://api.alexandria.io/docs/#get-market-data"
			},
			"response": []
		},
		{
			"name": "alexandria.io Get Mining Info (Flo)",
			"request": {
				"url": "https://api.alexandria.io/florincoin/getMiningInfo",
				"method": "GET",
				"header": [],
				"body": {},
				"description": "https://api.alexandria.io/docs/#get-blockchain-mining-info"
			},
			"response": []
		},
		{
			"name": "miningrigrentals.com Get sCrypt Rentals",
			"request": {
				"url": "https://www.miningrigrentals.com/api/v1/rigs?method=list&type=scrypt&max_cost=0.00001",
				"method": "GET",
				"header": [],
				"body": {},
				"description": "https://api.alexandria.io/docs/#get-rental-data-for-scrypt-rigs-from-miningrigrentals-com-third-party-service"
			},
			"response": []
		},
		{
			"name": "alexandria.io TradeBot Avail for Trades",
			"request": {
				"url": "https://api.alexandria.io/tradebot/flobalance",
				"method": "GET",
				"header": [],
				"body": {},
				"description": "https://api.alexandria.io/docs/#get-tradebot-balance-for-alexandria-io-node"
			},
			"response": []
		},
		{
			"name": "alexandria.io TradeBot Get Address",
			"request": {
				"url": "https://api.alexandria.io/tradebot/depositaddress?floaddress={floaddress}&raw",
				"method": "GET",
				"header": [],
				"body": {},
				"description": "https://api.alexandria.io/docs/#get-a-bitcoin-address-from-alexandria-io-39-s-tradebot-node"
			},
			"response": []
		},
		{
			"name": "alexandria.io Pool Stats",
			"request": {
				"url": "https://api.alexandria.io/pool/api/stats",
				"method": "GET",
				"header": [],
				"body": {},
				"description": "https://api.alexandria.io/docs/#get-alexandria-39-s-pool-stats"
			},
			"response": []
		},
		{
			"name": "alexandria.io Pool 24H Stats",
			"request": {
				"url": "https://api.alexandria.io/pool/api/pool_stats",
				"method": "GET",
				"header": [],
				"body": {},
				"description": "https://api.alexandria.io/docs/#get-last-24-hours-of-alexandria-39-s-pool-stats"
			},
			"response": []
		},
		{
			"name": "alexandria.io Pool Live Stats",
			"request": {
				"url": "https://api.alexandria.io/pool/api/live_stats",
				"method": "GET",
				"header": [],
				"body": {},
				"description": "https://api.alexandria.io/docs/#get-alexandria-39-s-pool-live-stats"
			},
			"response": []
		},
		{
			"name": "alexandria.io PayWall-Web Ping",
			"request": {
				"url": "https://api.alexandria.io/payproc/ping",
				"method": "GET",
				"header": [],
				"body": {},
				"description": "https://api.alexandria.io/docs/#get-alexandria-39-s-pool-stats"
			},
			"response": []
		},
		{
			"name": "alexandria.io Paywall-Web Get Address",
			"request": {
				"url": "https://api/alexandria.io/payproc/receive?address=bitcoin_address&amount=bitcoin_amount",
				"method": "GET",
				"header": [],
				"body": {},
				"description": "https://api.alexandria.io/docs/#retrieve-payment-address"
			},
			"response": []
		},
		{
			"name": "alexandria.io Paywall-Web Check Unconfirmed Balance",
			"request": {
				"url": "https://api.alexandria./payproc/getreceivedbyaddress/payment_address",
				"method": "GET",
				"header": [],
				"body": {},
				"description": "https://api.alexandria.io/docs/#check-unconfirmed-address-balance"
			},
			"response": []
		},
		{
			"name": "localhost Sign Publisher Registration TX",
			"request": {
				"url": "http://localhost:41289/alexandria/v1/sign",
				"method": "POST",
				"header": [],
				"body": {
					"mode": "raw",
					"raw": "{\n\"address\":\"publisherAddress\",\n\"text\":\"publisherName-publisherAddress-timestamp\"\n}"
				},
				"description": "https://api.alexandria.io/docs/#sign-publisher-announcement-message"
			},
			"response": []
		},
		{
			"name": "localhost Send Publisher Registration TX",
			"request": {
				"url": "http://localhost:41289/alexandria/v1/send",
				"method": "POST",
				"header": [],
				"body": {
					"mode": "raw",
					"raw": "{\n\"alexandria-publisher\": {\n\"name\":\"publisherName\",\n\"address\":\"publisherAddress\",\n\"timestamp\":timestamp,\n\"bitmessage\":\"bitmessageAddress\",\n\"emailmd5\":\"md5hashOfEmail\"\n},\n\"signature\":\"signature\"\n}"
				},
				"description": ""
			},
			"response": []
		},
		{
			"name": "localhost Sign Artifact TX",
			"request": {
				"url": "http://localhost:41289/alexandria/v1/sign",
				"method": "POST",
				"header": [],
				"body": {
					"mode": "raw",
					"raw": "{\n\"address\":\"publisherAddress\",\n\"text\":\"primaryIPFSAddress-publisherAddress-timestamp\"\n}"
				},
				"description": "https://api.alexandria.io/docs/#sign-artifact-publish-message"
			},
			"response": []
		}
	]
}